Nome,Idade,Valor
João,25,1100.0
Maria,32,1650.0000000000002
Pedro,19,880.0000000000001
